Feature,Model,Accuracy,Precision,Recall,F1-score
BERT,Random Forest,0.17083333333333334,0.1814862221112221,0.17083333333333334,0.15306002103570474
BERT,SVM,0.17083333333333334,0.1986305087161942,0.17083333333333334,0.14695333284662163
BERT,XGBoost,0.22916666666666666,0.24120082871921106,0.22916666666666666,0.2279722399275418
BERT,MLP,0.4041666666666667,0.43095938783438775,0.4041666666666667,0.41013256226201267
BERT,Decision Tree,0.1,0.13912116614322495,0.1,0.10011779642891669
