Feature, Model        , Accuracy           , Precision          , Recall             , F1-score
BERT   , Random Forest, 0.1375             , 0.1600008267195767 , 0.1375             , 0.14091395110942662
BERT   , SVM          , 0.14583333333333334, 0.1771100894138778 , 0.14583333333333334, 0.1283552821148729
BERT   , XGBoost      , 0.1375             , 0.13268739362489362, 0.1375             , 0.13083599686347366
BERT   , MLP          , 0.18333333333333332, 0.18967362498612503, 0.18333333333333332, 0.1800646317502252
BERT   , Decision Tree, 0.05416666666666667, 0.05349867724867725, 0.05416666666666667, 0.05260064143136393
